,Cond,TP,FN,FP,TN,Accuracy,Precision,Recall,F1 score
0,cluster 0 is considered as disease,491.0,950.0,462.0,958.0,0.506466270534778,0.5152151101783841,0.34073560027758504,0.4101921470342523
1,cluster 0 is considered as non disease,950.0,491.0,958.0,462.0,0.49353372946522195,0.4979035639412998,0.659264399722415,0.5673335323977307
2,cluster 1 is considered as disease,0.0,1441.0,958.0,462.0,0.16148199930094373,0.0,0.0,0.0
3,cluster 1 is considered as non disease,1441.0,0.0,462.0,958.0,0.8385180006990562,0.7572254335260116,1.0,0.8618421052631579
4,cluster 2 is considered as disease,950.0,491.0,0.0,1420.0,0.8283816847256205,1.0,0.659264399722415,0.794646591384358
5,cluster 2 is considered as non disease,491.0,950.0,1420.0,0.0,0.1716183152743796,0.25693354264782836,0.34073560027758504,0.29295942720763724
