,Accuracy,Cond,F1 score,FN,FP,Precision,Recall,TN,TP
0,0.45107564191533656,cluster 0 is considered as disease,0.2943800178412132,1111.0,471.0,0.41198501872659177,0.22900763358778625,970.0,330.0
1,0.5489243580846634,cluster 0 is considered as non disease,0.6308915388983533,330.0,970.0,0.5338779432964921,0.7709923664122137,471.0,1111.0
2,0.5260235947258848,cluster 1 is considered as disease,0.5039941902687001,747.0,619.0,0.5285605483625285,0.4816099930603747,822.0,694.0
3,0.4739764052741152,cluster 1 is considered as non disease,0.4963455149501661,694.0,822.0,0.47609942638623326,0.5183900069396252,619.0,747.0
4,0.5229007633587787,cluster 2 is considered as disease,0.3775464010864645,1024.0,351.0,0.54296875,0.28938237335183903,1090.0,417.0
5,0.4770992366412214,cluster 2 is considered as non disease,0.5760900140646976,417.0,1090.0,0.48438978240302744,0.710617626648161,351.0,1024.0
