,Cond,TP,FN,FP,TN,Accuracy,Precision,Recall,F1 score
0,cluster 0 is considered as target,3.0,429.0,171.0,262.0,0.3063583815028902,0.017241379310344827,0.006944444444444444,0.009900990099009901
1,cluster 0 is considered as non target,429.0,3.0,262.0,171.0,0.6936416184971098,0.6208393632416788,0.9930555555555556,0.7640249332146037
2,cluster 1 is considered as target,429.0,3.0,38.0,395.0,0.9526011560693641,0.9186295503211992,0.9930555555555556,0.9543937708565072
3,cluster 1 is considered as non target,3.0,429.0,395.0,38.0,0.047398843930635835,0.007537688442211055,0.006944444444444444,0.007228915662650603
4,cluster 2 is considered as target,0.0,432.0,224.0,209.0,0.24161849710982658,0.0,0.0,0.0
5,cluster 2 is considered as non target,432.0,0.0,209.0,224.0,0.7583815028901734,0.6739469578783152,1.0,0.8052190121155638
