,Cond,TP,FN,FP,TN,Accuracy,Precision,Recall,F1 score
0,cluster 0 is considered as disease,479.0,962.0,482.0,959.0,0.4989590562109646,0.4984391259105099,0.3324080499653019,0.398834304746045
1,cluster 0 is considered as non disease,962.0,479.0,959.0,482.0,0.5010409437890354,0.5007808433107757,0.6675919500346982,0.5722784057108864
2,cluster 1 is considered as disease,0.0,1441.0,959.0,482.0,0.16724496877168632,0.0,0.0,0.0
3,cluster 1 is considered as non disease,1441.0,0.0,482.0,959.0,0.8327550312283136,0.74934997399896,1.0,0.856718192627824
4,cluster 2 is considered as disease,962.0,479.0,0.0,1441.0,0.833795975017349,1.0,0.6675919500346982,0.8006658343736995
5,cluster 2 is considered as non disease,479.0,962.0,1441.0,0.0,0.16620402498265094,0.24947916666666667,0.3324080499653019,0.28503421600714074
