,Cond,TP,FN,FP,TN,Accuracy,Precision,Recall,F1 score
0,cluster 0 is considered as target,1.0,432.0,203.0,223.0,0.2607683352735739,0.004901960784313725,0.0023094688221709007,0.0031397174254317113
1,cluster 0 is considered as non target,432.0,1.0,223.0,203.0,0.7392316647264261,0.6595419847328244,0.9976905311778291,0.7941176470588235
2,cluster 1 is considered as target,430.0,3.0,24.0,402.0,0.9685681024447031,0.947136563876652,0.9930715935334873,0.9695603156708005
3,cluster 1 is considered as non target,3.0,430.0,402.0,24.0,0.03143189755529686,0.007407407407407408,0.006928406466512702,0.007159904534606206
4,cluster 2 is considered as target,2.0,431.0,199.0,227.0,0.26658905704307334,0.009950248756218905,0.004618937644341801,0.006309148264984227
5,cluster 2 is considered as non target,431.0,2.0,227.0,199.0,0.7334109429569267,0.6550151975683891,0.9953810623556582,0.7901008249312558
