,Cond,TP,FN,FP,TN,Accuracy,Precision,Recall,F1 score
0,cluster 0 is considered as target,1.0,431.0,195.0,238.0,0.27630057803468205,0.00510204081632653,0.0023148148148148147,0.0031847133757961785
1,cluster 0 is considered as non target,431.0,1.0,238.0,195.0,0.7236994219653179,0.6442451420029895,0.9976851851851852,0.7829246139872843
2,cluster 1 is considered as target,430.0,2.0,32.0,401.0,0.9606936416184971,0.9307359307359307,0.9953703703703703,0.9619686800894854
3,cluster 1 is considered as non target,2.0,430.0,401.0,32.0,0.03930635838150289,0.004962779156327543,0.004629629629629629,0.004790419161676647
4,cluster 2 is considered as target,1.0,431.0,206.0,227.0,0.2635838150289017,0.004830917874396135,0.0023148148148148147,0.003129890453834116
5,cluster 2 is considered as non target,431.0,1.0,227.0,206.0,0.7364161849710983,0.6550151975683891,0.9976851851851852,0.7908256880733945
