,Cond,TP,FN,FP,TN,Accuracy,Precision,Recall,F1 score
0,cluster 0 is considered as disease,0.0,1441.0,956.0,485.0,0.16828591256072173,0.0,0.0,0.0
1,cluster 0 is considered as non disease,1441.0,0.0,485.0,956.0,0.8317140874392783,0.7481827622014537,1.0,0.855954855954856
2,cluster 1 is considered as disease,966.0,475.0,0.0,1441.0,0.8351839000693962,1.0,0.6703678001387925,0.8026589115081014
3,cluster 1 is considered as non disease,475.0,966.0,1441.0,0.0,0.16481609993060375,0.24791231732776617,0.3296321998612075,0.2829907655644921
4,cluster 2 is considered as disease,475.0,966.0,485.0,956.0,0.496530187369882,0.4947916666666667,0.3296321998612075,0.3956684714702207
5,cluster 2 is considered as non disease,966.0,475.0,956.0,485.0,0.5034698126301179,0.5026014568158168,0.6703678001387925,0.5744870651204282
