,Accuracy,Cond,F1 score,FN,FP,Precision,Recall,TN,TP
0,0.45697432338653715,cluster 0 is considered as disease,0.2966292134831461,1111.0,454.0,0.42091836734693877,0.22900763358778625,987.0,330.0
1,0.5430256766134629,cluster 0 is considered as non disease,0.62786097767731,330.0,987.0,0.5295519542421354,0.7709923664122137,454.0,1111.0
2,0.5180430256766134,cluster 1 is considered as disease,0.36949614162505673,1034.0,355.0,0.5341207349081365,0.2824427480916031,1086.0,407.0
3,0.4819569743233865,cluster 1 is considered as non disease,0.5807357483852851,407.0,1086.0,0.4877358490566038,0.7175572519083969,355.0,1034.0
4,0.5249826509368494,cluster 2 is considered as disease,0.5070219661505222,737.0,632.0,0.5269461077844312,0.48854961832061067,809.0,704.0
5,0.4750173490631506,cluster 2 is considered as non disease,0.4934717107465685,704.0,809.0,0.47671410090556277,0.5114503816793893,632.0,737.0
