,Accuracy,Cond,F1 score,FN,FP,Precision,Recall,TN,TP
0,0.6878612716763006,data set 1,0.686046511627907,137.0,133.0,0.6892523364485982,0.6828703703703703,300.0,295.0
