,Accuracy,Cond,F1 score,FN,FP,Precision,Recall,TN,TP
0,0.9965317919075144,data set 2,0.9965156794425087,3.0,0.0,1.0,0.9930555555555556,433.0,429.0
