,Accuracy,Cond,F1 score,FN,FP,Precision,Recall,TN,TP
0,0.6752037252619325,data set 3,0.6875699888017918,126.0,153.0,0.6673913043478261,0.7090069284064665,273.0,307.0
