,Accuracy,Cond,F1 score,FN,FP,Precision,Recall,TN,TP
0,0.6971098265895954,data set 2,0.6960556844547564,132.0,130.0,0.6976744186046512,0.6944444444444444,303.0,300.0
