,CV1,CV2,CV3
0,0.9985141158989599,0.9955357142857143,1.0
