,CV1,CV10,CV2,CV3,CV4,CV5,CV6,CV7,CV8,CV9
0,0.6119402985074627,0.6683417085427136,0.7164179104477612,0.6915422885572139,0.681592039800995,0.715,0.75,0.7,0.625,0.6934673366834171
