,CV1,CV2,CV3
0,0.9985029940119761,0.9955022488755623,0.9955022488755623
