,Accuracy,Cond,F1 score,FN,FP,Precision,Recall,TN,TP
0,0.5549132947976878,data set 1,0.5679012345679012,179.0,206.0,0.55119825708061,0.5856481481481481,227.0,253.0
