,Cond,TP,FN,FP,TN,Accuracy,Precision,Recall,F1 score
0,data set 1,431.0,1.0,1.0,432.0,0.9976878612716763,0.9976851851851852,0.9976851851851852,0.9976851851851852
