,Cond,TP,FN,FP,TN,Accuracy,Precision,Recall,F1 score
0,data set 2,429.0,3.0,0.0,433.0,0.9965317919075144,1.0,0.9930555555555556,0.9965156794425087
