,CV1,CV2,CV3
0,0.9985029940119761,0.9940029985007496,0.9940029985007496
