,CV1,CV2,CV3
0,0.9940564635958395,0.9955357142857143,0.9970238095238095
