,Accuracy,Cond,F1 score,FN,FP,Precision,Recall,TN,TP
0,0.6083086053412463,data set 1,0.4883720930232558,89.0,43.0,0.5943396226415094,0.4144736842105263,142.0,63.0
