,Accuracy,Cond,F1 score,FN,FP,Precision,Recall,TN,TP
0,0.6706231454005934,data set 1,0.5811320754716981,75.0,36.0,0.6814159292035398,0.506578947368421,149.0,77.0
