,Accuracy,Cond,F1 score,FN,FP,Precision,Recall,TN,TP
0,0.6053412462908012,data set 1,0.41409691629955947,105.0,28.0,0.6266666666666667,0.3092105263157895,157.0,47.0
