,Accuracy,Cond,F1 score,FN,FP,Precision,Recall,TN,TP
0,0.5421965317919075,data set 1,0.5813953488372093,157.0,239.0,0.5350194552529183,0.6365740740740741,194.0,275.0
