,Accuracy,Cond,F1 score,FN,FP,Precision,Recall,TN,TP
0,0.5820721769499418,data set 3,0.5878300803673938,177.0,182.0,0.5844748858447488,0.5912240184757506,244.0,256.0
