,Accuracy,Cond,F1 score,FN,FP,Precision,Recall,TN,TP
0,0.5687861271676301,data set 2,0.5616921269095182,193.0,180.0,0.5704057279236276,0.5532407407407407,253.0,239.0
