,Accuracy,Cond,F1 score,FN,FP,Precision,Recall,TN,TP
0,0.6786961583236322,data set 3,0.6905829596412556,125.0,151.0,0.6710239651416122,0.7113163972286374,275.0,308.0
