,Accuracy,Cond,F1 score,FN,FP,Precision,Recall,TN,TP
0,0.6901734104046243,data set 2,0.6854460093896714,140.0,128.0,0.6952380952380952,0.6759259259259259,305.0,292.0
