,Accuracy,Cond,F1 score,FN,FP,Precision,Recall,TN,TP
0,0.6797687861271676,data set 1,0.6819747416762342,135.0,142.0,0.6765375854214123,0.6875,291.0,297.0
