,Accuracy,Cond,F1 score,FN,FP,Precision,Recall,TN,TP
0,0.5756676557863502,data set 1,0.5017421602787456,80.0,63.0,0.5333333333333333,0.47368421052631576,122.0,72.0
