,Accuracy,Cond,F1 score,FN,FP,Precision,Recall,TN,TP
0,0.6439169139465876,data set 1,0.5555555555555556,77.0,43.0,0.635593220338983,0.4934210526315789,142.0,75.0
