,Accuracy,Cond,F1 score,FN,FP,Precision,Recall,TN,TP
0,0.6261127596439169,data set 1,0.5078125,87.0,39.0,0.625,0.4276315789473684,146.0,65.0
