,Accuracy,Cond,F1 score,FN,FP,Precision,Recall,TN,TP
0,0.5930635838150289,data set 2,0.5868544600938967,182.0,170.0,0.5952380952380952,0.5787037037037037,263.0,250.0
