,Accuracy,Cond,F1 score,FN,FP,Precision,Recall,TN,TP
0,0.5681024447031432,data set 3,0.602357984994641,152.0,219.0,0.562,0.648960739030023,207.0,281.0
